nSeq;I1;I2;O1;O2;A5;A6
0;0;0;0;0;589;46
1;0;0;0;0;593;46
2;0;0;0;0;597;46
3;0;0;0;0;592;46
4;0;0;0;0;588;46
5;0;0;0;0;592;46
6;0;0;0;0;591;46
7;0;0;0;0;583;47
8;0;0;0;0;575;47
9;0;0;0;0;580;47
10;0;0;0;0;596;47
11;0;0;0;0;607;48
12;0;0;0;0;600;48
13;0;0;0;0;602;48
14;0;0;0;0;598;48
15;0;0;0;0;589;48
0;0;0;0;0;587;48
1;0;0;0;0;591;47
2;0;0;0;0;595;48
3;0;0;0;0;589;47
4;0;0;0;0;594;47
5;0;0;0;0;602;47
6;0;0;0;0;597;47
7;0;0;0;0;583;47
8;0;0;0;0;568;46
9;0;0;0;0;575;46
10;0;0;0;0;593;46
11;0;0;0;0;589;46
12;0;0;0;0;577;46
13;0;0;0;0;556;46
14;0;0;0;0;546;45
15;0;0;0;0;559;46
0;0;0;0;0;579;47
1;0;0;0;0;596;47
2;0;0;0;0;600;48
3;0;0;0;0;583;48
4;0;0;0;0;560;49
5;0;0;0;0;559;50
6;0;0;0;0;585;52
7;0;0;0;0;619;55
8;0;0;0;0;640;57
9;0;0;0;0;648;59
10;0;0;0;0;642;61
11;0;0;0;0;628;62
12;0;0;0;0;616;63
13;0;0;0;0;613;65
14;0;0;0;0;608;66
15;0;0;0;0;593;68
0;0;0;0;0;583;70
1;0;0;0;0;575;71
2;0;0;0;0;574;73
3;0;0;0;0;576;75
4;0;0;0;0;574;77
5;0;0;0;0;579;79
6;0;0;0;0;579;80
7;0;0;0;0;569;82
8;0;0;0;0;555;83
9;0;0;0;0;543;83
10;0;0;0;0;539;84
11;0;0;0;0;535;85
12;0;0;0;0;540;85
13;0;0;0;0;564;86
14;0;0;0;0;590;86
15;0;0;0;0;601;86
0;0;0;0;0;611;86
1;0;0;0;0;626;85
2;0;0;0;0;620;84
3;0;0;0;0;563;84
4;0;0;0;0;525;83
5;0;0;0;0;547;82
6;0;0;0;0;588;82
7;0;0;0;0;630;82
8;0;0;0;0;668;81
9;0;0;0;0;709;81
10;0;0;0;0;730;80
11;0;0;0;0;706;79
12;0;0;0;0;680;77
13;0;0;0;0;704;77
14;0;0;0;0;764;76
15;0;0;0;0;823;76
0;0;0;0;0;849;76
1;0;0;0;0;845;76
2;0;0;0;0;843;76
3;0;0;0;0;846;77
4;0;0;0;0;853;78
5;0;0;0;0;869;79
6;0;0;0;0;874;79
7;0;0;0;0;870;81
8;0;0;0;0;866;82
9;0;0;0;0;870;83
10;0;0;0;0;874;85
11;0;0;0;0;870;87
12;0;0;0;0;865;88
13;0;0;0;0;869;89
14;0;0;0;0;872;89
15;0;0;0;0;847;88
0;0;0;0;0;773;86
1;0;0;0;0;713;82
2;0;0;0;0;658;73
3;0;0;0;0;618;59
4;0;0;0;0;581;44
5;0;0;0;0;513;31
6;0;0;0;0;379;26
7;0;0;0;0;304;25
8;0;0;0;0;310;24
9;0;0;0;0;278;24
10;0;0;0;0;235;24
11;0;0;0;0;231;25
12;0;0;0;0;248;25
13;0;0;0;0;292;26
14;0;0;0;0;350;27
15;0;0;0;0;390;28
0;0;0;0;0;414;28
1;0;0;0;0;408;27
2;0;0;0;0;381;26
3;0;0;0;0;352;25
4;0;0;0;0;369;25
5;0;0;0;0;412;25
6;0;0;0;0;424;25
7;0;0;0;0;391;24
8;0;0;0;0;386;23
9;0;0;0;0;418;23
10;0;0;0;0;425;22
11;0;0;0;0;408;22
12;0;0;0;0;402;21
13;0;0;0;0;421;21
14;0;0;0;0;441;21
15;0;0;0;0;444;21
0;0;0;0;0;432;21
1;0;0;0;0;430;21
2;0;0;0;0;439;20
3;0;0;0;0;448;20
4;0;0;0;0;450;20
5;0;0;0;0;448;20
6;0;0;0;0;445;20
7;0;0;0;0;434;19
8;0;0;0;0;429;19
9;0;0;0;0;443;19
10;0;0;0;0;454;19
11;0;0;0;0;446;20
12;0;0;0;0;436;20
13;0;0;0;0;448;21
14;0;0;0;0;463;21
15;0;0;0;0;475;22
0;0;0;0;0;491;23
1;0;0;0;0;501;23
2;0;0;0;0;496;23
3;0;0;0;0;485;23
4;0;0;0;0;483;23
5;0;0;0;0;495;22
6;0;0;0;0;498;22
7;0;0;0;0;499;23
8;0;0;0;0;505;23
9;0;0;0;0;519;23
10;0;0;0;0;535;23
11;0;0;0;0;544;24
12;0;0;0;0;548;24
13;0;0;0;0;554;25
14;0;0;0;0;561;27
15;0;0;0;0;560;28
0;0;0;0;0;558;30
1;0;0;0;0;557;33
2;0;0;0;0;550;36
3;0;0;0;0;539;40
4;0;0;0;0;535;44
5;0;0;0;0;543;49
6;0;0;0;0;554;53
7;0;0;0;0;558;57
8;0;0;0;0;558;60
9;0;0;0;0;572;63
10;0;0;0;0;593;65
11;0;0;0;0;601;67
12;0;0;0;0;600;68
13;0;0;0;0;595;68
14;0;0;0;0;588;68
15;0;0;0;0;576;68
0;0;0;0;0;568;67
1;0;0;0;0;574;67
2;0;0;0;0;585;67
3;0;0;0;0;592;67
4;0;0;0;0;601;67
5;0;0;0;0;614;67
6;0;0;0;0;623;67
7;0;0;0;0;624;67
8;0;0;0;0;634;66
9;0;0;0;0;660;66
10;0;0;0;0;677;65
11;0;0;0;0;678;65
12;0;0;0;0;670;64
13;0;0;0;0;668;64
14;0;0;0;0;682;63
15;0;0;0;0;701;63
0;0;0;0;0;714;63
1;0;0;0;0;728;62
2;0;0;0;0;725;62
3;0;0;0;0;700;62
4;0;0;0;0;678;62
5;0;0;0;0;685;61
6;0;0;0;0;705;62
7;0;0;0;0;715;62
8;0;0;0;0;711;63
9;0;0;0;0;705;63
10;0;0;0;0;698;63
11;0;0;0;0;689;64
12;0;0;0;0;688;65
13;0;0;0;0;700;66
14;0;0;0;0;708;67
15;0;0;0;0;704;67
0;0;0;0;0;710;69
1;0;0;0;0;721;70
2;0;0;0;0;719;71
3;0;0;0;0;695;72
4;0;0;0;0;682;73
5;0;0;0;0;707;75
6;0;0;0;0;745;76
7;0;0;0;0;784;78
8;0;0;0;0;830;79
9;0;0;0;0;865;81
10;0;0;0;0;869;83
11;0;0;0;0;854;84
12;0;0;0;0;861;86
13;0;0;0;0;870;87
14;0;0;0;0;875;88
15;0;0;0;0;870;88
0;0;0;0;0;865;86
1;0;0;0;0;870;83
2;0;0;0;0;837;75
3;0;0;0;0;743;61
4;0;0;0;0;568;43
5;0;0;0;0;458;30
6;0;0;0;0;466;25
7;0;0;0;0;416;24
8;0;0;0;0;355;23
9;0;0;0;0;329;23
10;0;0;0;0;299;23
11;0;0;0;0;262;23
12;0;0;0;0;236;24
13;0;0;0;0;236;24
14;0;0;0;0;255;25
15;0;0;0;0;282;26
0;0;0;0;0;306;26
1;0;0;0;0;307;27
2;0;0;0;0;327;27
3;0;0;0;0;348;27
4;0;0;0;0;350;28
5;0;0;0;0;351;28
6;0;0;0;0;384;28
7;0;0;0;0;410;28
8;0;0;0;0;416;28
9;0;0;0;0;428;28
10;0;0;0;0;431;28
11;0;0;0;0;420;28
12;0;0;0;0;405;27
13;0;0;0;0;415;27
14;0;0;0;0;434;27
15;0;0;0;0;440;26
0;0;0;0;0;439;26
1;0;0;0;0;443;25
2;0;0;0;0;436;24
3;0;0;0;0;413;24
4;0;0;0;0;401;23
5;0;0;0;0;415;23
6;0;0;0;0;440;24
7;0;0;0;0;458;24
8;0;0;0;0;468;24
9;0;0;0;0;481;24
10;0;0;0;0;489;24
11;0;0;0;0;475;24
12;0;0;0;0;447;24
13;0;0;0;0;438;24
14;0;0;0;0;451;24
15;0;0;0;0;472;23
0;0;0;0;0;480;23
1;0;0;0;0;479;23
2;0;0;0;0;477;23
3;0;0;0;0;477;23
4;0;0;0;0;479;23
5;0;0;0;0;489;23
6;0;0;0;0;499;23
7;0;0;0;0;502;23
8;0;0;0;0;506;23
9;0;0;0;0;515;24
10;0;0;0;0;528;25
11;0;0;0;0;532;25
12;0;0;0;0;534;27
13;0;0;0;0;542;29
14;0;0;0;0;554;33
15;0;0;0;0;565;38
0;0;0;0;0;576;43
1;0;0;0;0;590;49
2;0;0;0;0;601;54
3;0;0;0;0;609;59
4;0;0;0;0;614;62
5;0;0;0;0;611;65
6;0;0;0;0;599;67
7;0;0;0;0;587;69
8;0;0;0;0;591;70
9;0;0;0;0;608;72
10;0;0;0;0;619;73
11;0;0;0;0;615;73
12;0;0;0;0;611;74
13;0;0;0;0;620;74
14;0;0;0;0;620;75
15;0;0;0;0;600;75
0;0;0;0;0;587;75
1;0;0;0;0;591;75
2;0;0;0;0;595;75
3;0;0;0;0;583;75
4;0;0;0;0;579;75
5;0;0;0;0;591;76
6;0;0;0;0;604;76
7;0;0;0;0;608;77
8;0;0;0;0;609;77
9;0;0;0;0;611;77
10;0;0;0;0;613;78
11;0;0;0;0;614;78
12;0;0;0;0;624;79
13;0;0;0;0;647;79
14;0;0;0;0;668;80
15;0;0;0;0;674;80
0;0;0;0;0;683;81
1;0;0;0;0;702;82
2;0;0;0;0;710;82
3;0;0;0;0;697;83
4;0;0;0;0;691;83
5;0;0;0;0;692;83
6;0;0;0;0;686;83
7;0;0;0;0;677;84
8;0;0;0;0;686;85
9;0;0;0;0;716;85
10;0;0;0;0;737;86
11;0;0;0;0;737;87
12;0;0;0;0;730;87
13;0;0;0;0;729;87
14;0;0;0;0;720;87
15;0;0;0;0;702;87
0;0;0;0;0;708;87
1;0;0;0;0;728;87
2;0;0;0;0;750;87
3;0;0;0;0;783;85
4;0;0;0;0;811;83
5;0;0;0;0;835;80
6;0;0;0;0;845;74
7;0;0;0;0;828;64
8;0;0;0;0;801;50
9;0;0;0;0;752;36
10;0;0;0;0;647;28
11;0;0;0;0;504;25
12;0;0;0;0;412;25
13;0;0;0;0;408;25
14;0;0;0;0;409;25
15;0;0;0;0;424;26
0;0;0;0;0;435;27
1;0;0;0;0;383;27
2;0;0;0;0;329;27
3;0;0;0;0;306;27
4;0;0;0;0;302;28
5;0;0;0;0;296;28
6;0;0;0;0;295;29
7;0;0;0;0;308;29
8;0;0;0;0;335;30
9;0;0;0;0;374;30
10;0;0;0;0;387;30
11;0;0;0;0;380;31
12;0;0;0;0;384;31
13;0;0;0;0;414;31
14;0;0;0;0;433;31
15;0;0;0;0;432;31
0;0;0;0;0;428;31
1;0;0;0;0;437;31
2;0;0;0;0;441;31
3;0;0;0;0;435;31
4;0;0;0;0;436;31
5;0;0;0;0;458;31
6;0;0;0;0;454;31
7;0;0;0;0;440;30
8;0;0;0;0;436;30
9;0;0;0;0;438;29
10;0;0;0;0;446;29
11;0;0;0;0;458;29
12;0;0;0;0;467;29
13;0;0;0;0;485;29
14;0;0;0;0;505;29
15;0;0;0;0;512;29
0;0;0;0;0;512;29
1;0;0;0;0;514;29
2;0;0;0;0;497;28
3;0;0;0;0;470;28
4;0;0;0;0;465;28
5;0;0;0;0;485;28
6;0;0;0;0;507;28
7;0;0;0;0;514;28
8;0;0;0;0;521;28
9;0;0;0;0;524;28
10;0;0;0;0;528;28
11;0;0;0;0;524;27
12;0;0;0;0;527;27
13;0;0;0;0;541;27
14;0;0;0;0;535;27
15;0;0;0;0;520;27
0;0;0;0;0;512;27
1;0;0;0;0;520;26
2;0;0;0;0;523;27
3;0;0;0;0;513;26
4;0;0;0;0;512;26
5;0;0;0;0;524;26
6;0;0;0;0;535;26
7;0;0;0;0;535;26
8;0;0;0;0;528;26
9;0;0;0;0;538;26
10;0;0;0;0;548;27
11;0;0;0;0;548;27
12;0;0;0;0;544;27
13;0;0;0;0;548;27
14;0;0;0;0;549;27
15;0;0;0;0;543;27
0;0;0;0;0;542;28
1;0;0;0;0;561;28
2;0;0;0;0;584;29
3;0;0;0;0;594;29
4;0;0;0;0;594;30
5;0;0;0;0;598;31
6;0;0;0;0;599;32
7;0;0;0;0;590;33
8;0;0;0;0;578;34
9;0;0;0;0;575;34
10;0;0;0;0;578;35
11;0;0;0;0;580;36
12;0;0;0;0;588;38
13;0;0;0;0;604;39
14;0;0;0;0;605;39
15;0;0;0;0;597;40
0;0;0;0;0;586;40
1;0;0;0;0;585;41
2;0;0;0;0;582;41
3;0;0;0;0;582;42
4;0;0;0;0;582;42
5;0;0;0;0;587;42
6;0;0;0;0;585;42
7;0;0;0;0;575;43
8;0;0;0;0;571;43
9;0;0;0;0;570;42
10;0;0;0;0;572;43
11;0;0;0;0;571;43
12;0;0;0;0;570;44
13;0;0;0;0;601;45
14;0;0;0;0;613;45
15;0;0;0;0;609;46
0;0;0;0;0;598;46
1;0;0;0;0;593;46
2;0;0;0;0;589;47
3;0;0;0;0;588;47
4;0;0;0;0;589;47
5;0;0;0;0;606;47
6;0;0;0;0;628;48
7;0;0;0;0;630;48
8;0;0;0;0;609;49
9;0;0;0;0;609;50
10;0;0;0;0;594;50
11;0;0;0;0;615;50
12;0;0;0;0;594;50
13;0;0;0;0;582;50
14;0;0;0;0;609;51
15;0;0;0;0;615;50
0;0;0;0;0;614;51
1;0;0;0;0;627;51
2;0;0;0;0;636;51
3;0;0;0;0;631;51
4;0;0;0;0;617;51
5;0;0;0;0;607;51
6;0;0;0;0;598;51
7;0;0;0;0;592;51
8;0;0;0;0;596;51
9;0;0;0;0;614;52
10;0;0;0;0;632;51
11;0;0;0;0;633;51
12;0;0;0;0;631;52
13;0;0;0;0;631;52
14;0;0;0;0;629;52
15;0;0;0;0;624;51
0;0;0;0;0;615;51
1;0;0;0;0;615;51
2;0;0;0;0;612;51
3;0;0;0;0;600;51
4;0;0;0;0;586;51
5;0;0;0;0;589;50
6;0;0;0;0;603;51
7;0;0;0;0;611;51
8;0;0;0;0;615;51
9;0;0;0;0;623;51
10;0;0;0;0;627;51
11;0;0;0;0;620;51
12;0;0;0;0;609;51
13;0;0;0;0;604;51
14;0;0;0;0;597;51
15;0;0;0;0;559;51
0;0;0;0;0;598;51
1;0;0;0;0;616;52
2;0;0;0;0;627;52
3;0;0;0;0;636;53
4;0;0;0;0;622;53
5;0;0;0;0;619;54
6;0;0;0;0;614;54
7;0;0;0;0;620;54
8;0;0;0;0;622;55
9;0;0;0;0;623;55
10;0;0;0;0;620;56
11;0;0;0;0;611;56
12;0;0;0;0;606;57
13;0;0;0;0;616;57
14;0;0;0;0;629;57
15;0;0;0;0;629;57
0;0;0;0;0;624;57
1;0;0;0;0;628;57
2;0;0;0;0;628;58
3;0;0;0;0;621;58
4;0;0;0;0;620;58
5;0;0;0;0;624;58
6;0;0;0;0;628;58
7;0;0;0;0;625;57
8;0;0;0;0;614;58
9;0;0;0;0;612;58
10;0;0;0;0;622;58
11;0;0;0;0;625;58
12;0;0;0;0;625;59
13;0;0;0;0;625;59
14;0;0;0;0;625;59
15;0;0;0;0;620;59
0;0;0;0;0;616;59
1;0;0;0;0;623;58
2;0;0;0;0;629;59
3;0;0;0;0;620;59
4;0;0;0;0;615;59
5;0;0;0;0;622;59
6;0;0;0;0;630;59
7;0;0;0;0;623;59
8;0;0;0;0;611;59
9;0;0;0;0;615;59
10;0;0;0;0;620;59
11;0;0;0;0;616;59
12;0;0;0;0;608;59
13;0;0;0;0;611;59
14;0;0;0;0;622;59
15;0;0;0;0;622;59
0;0;0;0;0;620;59
1;0;0;0;0;625;59
2;0;0;0;0;632;59
3;0;0;0;0;628;59
4;0;0;0;0;622;59
5;0;0;0;0;625;58
6;0;0;0;0;621;59
7;0;0;0;0;610;58
8;0;0;0;0;609;58
9;0;0;0;0;615;58
10;0;0;0;0;636;58
11;0;0;0;0;632;58
12;0;0;0;0;611;58
13;0;0;0;0;615;58
14;0;0;0;0;603;58
15;0;0;0;0;618;58
0;0;0;0;0;613;58
1;0;0;0;0;625;59
2;0;0;0;0;636;60
3;0;0;0;0;620;59
4;0;0;0;0;632;59
5;0;0;0;0;624;59
6;0;0;0;0;626;59
7;0;0;0;0;625;58
8;0;0;0;0;617;59
9;0;0;0;0;626;58
10;0;0;0;0;624;58
11;0;0;0;0;616;58
12;0;0;0;0;611;58
13;0;0;0;0;617;57
14;0;0;0;0;628;58
15;0;0;0;0;627;58
0;0;0;0;0;620;57
1;0;0;0;0;618;57
2;0;0;0;0;614;57
3;0;0;0;0;604;57
4;0;0;0;0;602;57
5;0;0;0;0;611;57
6;0;0;0;0;620;57
7;0;0;0;0;620;57
8;0;0;0;0;617;57
9;0;0;0;0;621;57
10;0;0;0;0;626;57
11;0;0;0;0;620;57
12;0;0;0;0;612;56
13;0;0;0;0;610;56
14;0;0;0;0;611;56
15;0;0;0;0;606;55
0;0;0;0;0;614;55
1;0;0;0;0;607;55
2;0;0;0;0;623;56
3;0;0;0;0;603;56
4;0;0;0;0;615;56
5;0;0;0;0;631;56
6;0;0;0;0;631;57
7;0;0;0;0;624;56
8;0;0;0;0;613;57
9;0;0;0;0;608;57
10;0;0;0;0;618;57
11;0;0;0;0;618;57
12;0;0;0;0;611;57
13;0;0;0;0;616;57
14;0;0;0;0;626;57
15;0;0;0;0;626;57
0;0;0;0;0;624;58
1;0;0;0;0;622;57
2;0;0;0;0;621;58
3;0;0;0;0;619;58
4;0;0;0;0;619;58
5;0;0;0;0;625;58
6;0;0;0;0;626;58
7;0;0;0;0;620;58
8;0;0;0;0;615;58
9;0;0;0;0;619;58
10;0;0;0;0;625;58
11;0;0;0;0;627;58
12;0;0;0;0;623;58
13;0;0;0;0;622;58
14;0;0;0;0;620;58
15;0;0;0;0;620;58
0;0;0;0;0;620;58
1;0;0;0;0;623;58
2;0;0;0;0;619;59
3;0;0;0;0;611;58
4;0;0;0;0;614;59
5;0;0;0;0;626;59
6;0;0;0;0;622;60
7;0;0;0;0;610;60
8;0;0;0;0;609;60
9;0;0;0;0;617;60
10;0;0;0;0;628;61
11;0;0;0;0;631;61
12;0;0;0;0;628;61
13;0;0;0;0;638;60
14;0;0;0;0;633;60
15;0;0;0;0;616;60
0;0;0;0;0;601;60
1;0;0;0;0;599;59
2;0;0;0;0;609;60
3;0;0;0;0;620;60
4;0;0;0;0;626;60
5;0;0;0;0;631;60
6;0;0;0;0;626;60
7;0;0;0;0;616;60
8;0;0;0;0;611;60
9;0;0;0;0;616;60
10;0;0;0;0;616;59
11;0;0;0;0;613;60
12;0;0;0;0;612;60
13;0;0;0;0;622;59
14;0;0;0;0;629;59
15;0;0;0;0;621;58
0;0;0;0;0;578;58
1;0;0;0;0;626;58
2;0;0;0;0;583;58
3;0;0;0;0;600;58
4;0;0;0;0;620;59
5;0;0;0;0;639;59
6;0;0;0;0;649;60
7;0;0;0;0;634;59
8;0;0;0;0;617;60
9;0;0;0;0;611;60
10;0;0;0;0;615;60
11;0;0;0;0;620;60
12;0;0;0;0;624;61
13;0;0;0;0;628;61
14;0;0;0;0;629;61
15;0;0;0;0;626;61
0;0;0;0;0;621;61
1;0;0;0;0;619;61
2;0;0;0;0;618;61
3;0;0;0;0;620;61
4;0;0;0;0;618;61
5;0;0;0;0;621;61
6;0;0;0;0;625;61
7;0;0;0;0;623;61
8;0;0;0;0;622;61
9;0;0;0;0;626;61
10;0;0;0;0;629;62
11;0;0;0;0;622;62
12;0;0;0;0;616;62
13;0;0;0;0;619;61
14;0;0;0;0;621;62
15;0;0;0;0;619;61
0;0;0;0;0;619;62
1;0;0;0;0;626;62
2;0;0;0;0;631;62
3;0;0;0;0;625;62
4;0;0;0;0;619;62
5;0;0;0;0;621;62
6;0;0;0;0;625;62
7;0;0;0;0;622;61
8;0;0;0;0;611;62
9;0;0;0;0;611;61
10;0;0;0;0;619;62
11;0;0;0;0;627;62
12;0;0;0;0;625;62
13;0;0;0;0;623;61
14;0;0;0;0;622;62
15;0;0;0;0;618;61
0;0;0;0;0;617;62
1;0;0;0;0;619;61
2;0;0;0;0;623;62
3;0;0;0;0;621;61
4;0;0;0;0;616;62
5;0;0;0;0;622;61
6;0;0;0;0;627;62
7;0;0;0;0;618;61
8;0;0;0;0;612;62
9;0;0;0;0;615;61
10;0;0;0;0;618;61
11;0;0;0;0;615;61
12;0;0;0;0;612;62
13;0;0;0;0;617;62
14;0;0;0;0;623;62
15;0;0;0;0;617;62
0;0;0;0;0;610;62
1;0;0;0;0;610;62
2;0;0;0;0;611;63
3;0;0;0;0;609;62
4;0;0;0;0;612;63
5;0;0;0;0;622;63
6;0;0;0;0;626;63
7;0;0;0;0;623;64
8;0;0;0;0;618;64
9;0;0;0;0;620;64
10;0;0;0;0;628;64
11;0;0;0;0;631;64
12;0;0;0;0;613;65
13;0;0;0;0;602;65
14;0;0;0;0;628;65
15;0;0;0;0;607;65
0;0;0;0;0;618;66
1;0;0;0;0;631;66
2;0;0;0;0;639;66
3;0;0;0;0;643;66
4;0;0;0;0;636;66
5;0;0;0;0;635;66
6;0;0;0;0;639;66
7;0;0;0;0;630;66
8;0;0;0;0;623;66
9;0;0;0;0;624;65
10;0;0;0;0;626;65
11;0;0;0;0;626;65
12;0;0;0;0;629;65
13;0;0;0;0;632;65
14;0;0;0;0;637;65
15;0;0;0;0;626;64
0;0;0;0;0;617;63
1;0;0;0;0;616;63
2;0;0;0;0;616;63
3;0;0;0;0;616;62
4;0;0;0;0;590;62
5;0;0;0;0;615;62
6;0;0;0;0;613;63
7;0;0;0;0;631;63
8;0;0;0;0;611;63
9;0;0;0;0;621;63
10;0;0;0;0;634;63
11;0;0;0;0;627;64
12;0;0;0;0;614;64
13;0;0;0;0;615;64
14;0;0;0;0;624;64
15;0;0;0;0;619;64
0;0;0;0;0;614;65
1;0;0;0;0;620;65
2;0;0;0;0;627;65
3;0;0;0;0;628;65
4;0;0;0;0;621;65
5;0;0;0;0;625;65
6;0;0;0;0;631;65
7;0;0;0;0;626;65
8;0;0;0;0;616;66
9;0;0;0;0;620;65
10;0;0;0;0;633;66
11;0;0;0;0;637;67
12;0;0;0;0;630;67
13;0;0;0;0;631;66
14;0;0;0;0;627;66
15;0;0;0;0;620;66
0;0;0;0;0;626;66
1;0;0;0;0;632;65
2;0;0;0;0;636;66
3;0;0;0;0;617;65
4;0;0;0;0;609;66
5;0;0;0;0;617;65
6;0;0;0;0;624;66
7;0;0;0;0;627;65
8;0;0;0;0;626;66
9;0;0;0;0;634;66
10;0;0;0;0;640;66
11;0;0;0;0;629;65
12;0;0;0;0;622;65
13;0;0;0;0;623;65
14;0;0;0;0;625;65
15;0;0;0;0;621;65
0;0;0;0;0;618;64
1;0;0;0;0;606;64
2;0;0;0;0;626;64
3;0;0;0;0;602;63
4;0;0;0;0;582;63
5;0;0;0;0;613;63
6;0;0;0;0;635;64
7;0;0;0;0;641;64
8;0;0;0;0;628;64
9;0;0;0;0;627;64
10;0;0;0;0;625;64
11;0;0;0;0;619;64
12;0;0;0;0;611;64
13;0;0;0;0;614;63
14;0;0;0;0;618;63
15;0;0;0;0;613;63
0;0;0;0;0;606;64
1;0;0;0;0;613;63
2;0;0;0;0;621;64
3;0;0;0;0;619;63
4;0;0;0;0;615;64
5;0;0;0;0;619;64
6;0;0;0;0;620;65
7;0;0;0;0;614;64
8;0;0;0;0;616;64
9;0;0;0;0;622;64
10;0;0;0;0;630;64
11;0;0;0;0;628;64
12;0;0;0;0;619;64
13;0;0;0;0;621;64
14;0;0;0;0;621;64
15;0;0;0;0;622;64
0;0;0;0;0;621;64
1;0;0;0;0;631;64
2;0;0;0;0;633;64
3;0;0;0;0;628;63
4;0;0;0;0;624;64
5;0;0;0;0;629;63
6;0;0;0;0;631;63
7;0;0;0;0;622;63
8;0;0;0;0;615;63
9;0;0;0;0;622;63
10;0;0;0;0;631;63
11;0;0;0;0;632;62
12;0;0;0;0;627;63
13;0;0;0;0;627;62
14;0;0;0;0;628;62
15;0;0;0;0;624;62
0;0;0;0;0;622;61
1;0;0;0;0;622;61
2;0;0;0;0;625;61
3;0;0;0;0;632;60
4;0;0;0;0;632;60
5;0;0;0;0;682;59
6;0;0;0;0;640;59
7;0;0;0;0;547;58
8;0;0;0;0;598;59
9;0;0;0;0;619;59
10;0;0;0;0;626;59
11;0;0;0;0;612;59
12;0;0;0;0;617;59
13;0;0;0;0;630;59
14;0;0;0;0;628;59
15;0;0;0;0;622;59
0;0;0;0;0;617;59
1;0;0;0;0;621;59
2;0;0;0;0;623;59
3;0;0;0;0;616;59
4;0;0;0;0;617;60
5;0;0;0;0;625;59
6;0;0;0;0;631;59
7;0;0;0;0;627;59
8;0;0;0;0;617;59
9;0;0;0;0;622;59
10;0;0;0;0;629;60
11;0;0;0;0;627;59
12;0;0;0;0;623;59
13;0;0;0;0;627;59
14;0;0;0;0;630;60
15;0;0;0;0;623;59
0;0;0;0;0;613;60
1;0;0;0;0;613;59
2;0;0;0;0;615;60
3;0;0;0;0;610;59
4;0;0;0;0;619;60
5;0;0;0;0;619;60
6;0;0;0;0;625;60
7;0;0;0;0;624;60
8;0;0;0;0;616;61
9;0;0;0;0;628;60
10;0;0;0;0;647;60
11;0;0;0;0;638;60
12;0;0;0;0;628;60
13;0;0;0;0;624;59
14;0;0;0;0;595;59
15;0;0;0;0;603;59
0;0;0;0;0;604;59
1;0;0;0;0;618;59
2;0;0;0;0;614;59
3;0;0;0;0;610;59
4;0;0;0;0;608;59
5;0;0;0;0;619;59
6;0;0;0;0;619;59
7;0;0;0;0;614;59
8;0;0;0;0;609;59
9;0;0;0;0;619;59
10;0;0;0;0;626;60
11;0;0;0;0;626;60
12;0;0;0;0;628;60
13;0;0;0;0;634;60
14;0;0;0;0;631;60
15;0;0;0;0;618;60
0;0;0;0;0;611;61
1;0;0;0;0;618;60
2;0;0;0;0;624;61
3;0;0;0;0;620;60
4;0;0;0;0;614;61
5;0;0;0;0;625;61
6;0;0;0;0;615;61
7;0;0;0;0;619;61
8;0;0;0;0;615;62
9;0;0;0;0;620;61
10;0;0;0;0;631;62
11;0;0;0;0;636;62
12;0;0;0;0;634;62
13;0;0;0;0;644;63
14;0;0;0;0;647;62
15;0;0;0;0;628;62
0;0;0;0;0;621;62
1;0;0;0;0;612;62
2;0;0;0;0;626;62
3;0;0;0;0;627;62
4;0;0;0;0;628;62
5;0;0;0;0;635;62
6;0;0;0;0;628;62
7;0;0;0;0;622;61
8;0;0;0;0;616;61
9;0;0;0;0;621;61
10;0;0;0;0;638;61
11;0;0;0;0;620;60
12;0;0;0;0;623;60
13;0;0;0;0;620;60
14;0;0;0;0;622;60
15;0;0;0;0;589;60
0;0;0;0;0;685;60
1;0;0;0;0;580;60
2;0;0;0;0;612;60
3;0;0;0;0;624;60
4;0;0;0;0;612;60
5;0;0;0;0;628;60
6;0;0;0;0;639;60
7;0;0;0;0;639;60
8;0;0;0;0;630;60
9;0;0;0;0;632;60
10;0;0;0;0;634;60
11;0;0;0;0;628;60
12;0;0;0;0;621;60
13;0;0;0;0;620;60
14;0;0;0;0;622;60
15;0;0;0;0;616;60
0;0;0;0;0;611;60
1;0;0;0;0;622;60
2;0;0;0;0;627;60
3;0;0;0;0;626;60
4;0;0;0;0;624;60
5;0;0;0;0;624;60
6;0;0;0;0;614;60
7;0;0;0;0;608;60
8;0;0;0;0;603;60
9;0;0;0;0;618;61
10;0;0;0;0;625;61
11;0;0;0;0;627;60
12;0;0;0;0;621;60
13;0;0;0;0;622;61
14;0;0;0;0;622;61
15;0;0;0;0;622;60
0;0;0;0;0;623;61
1;0;0;0;0;628;60
2;0;0;0;0;631;61
3;0;0;0;0;623;61
4;0;0;0;0;617;61
5;0;0;0;0;623;61
6;0;0;0;0;628;61
7;0;0;0;0;628;59
8;0;0;0;0;626;59
9;0;0;0;0;627;58
10;0;0;0;0;627;57
11;0;0;0;0;611;56
12;0;0;0;0;598;56
13;0;0;0;0;593;56
14;0;0;0;0;590;54
15;0;0;0;0;584;56
0;0;0;0;0;591;56
1;0;0;0;0;606;56
2;0;0;0;0;631;56
3;0;0;0;0;629;56
4;0;0;0;0;612;58
5;0;0;0;0;620;57
6;0;0;0;0;631;58
7;0;0;0;0;624;58
8;0;0;0;0;616;59
9;0;0;0;0;622;59
10;0;0;0;0;626;60
11;0;0;0;0;622;61
12;0;0;0;0;615;62
13;0;0;0;0;619;63
14;0;0;0;0;623;64
15;0;0;0;0;618;65
0;0;0;0;0;620;66
1;0;0;0;0;634;66
2;0;0;0;0;648;67
3;0;0;0;0;650;67
4;0;0;0;0;646;68
5;0;0;0;0;649;68
6;0;0;0;0;651;68
7;0;0;0;0;609;67
8;0;0;0;0;598;67
9;0;0;0;0;637;68
10;0;0;0;0;612;69
11;0;0;0;0;640;69
12;0;0;0;0;640;70
13;0;0;0;0;666;71
14;0;0;0;0;647;71
15;0;0;0;0;647;71
0;0;0;0;0;651;71
1;0;0;0;0;664;71
2;0;0;0;0;643;71
3;0;0;0;0;620;71
4;0;0;0;0;615;70
5;0;0;0;0;615;69
6;0;0;0;0;620;69
7;0;0;0;0;600;68
8;0;0;0;0;602;68
9;0;0;0;0;596;67
10;0;0;0;0;593;67
11;0;0;0;0;595;67
12;0;0;0;0;596;67
13;0;0;0;0;595;67
14;0;0;0;0;608;67
15;0;0;0;0;601;68
0;0;0;0;0;583;69
1;0;0;0;0;598;69
2;0;0;0;0;636;70
3;0;0;0;0;658;71
4;0;0;0;0;640;71
5;0;0;0;0;638;71
6;0;0;0;0;639;71
7;0;0;0;0;632;71
8;0;0;0;0;615;71
9;0;0;0;0;605;70
10;0;0;0;0;602;70
11;0;0;0;0;598;70
12;0;0;0;0;574;70
13;0;0;0;0;539;70
14;0;0;0;0;649;71
15;0;0;0;0;599;70
0;0;0;0;0;560;70
1;0;0;0;0;571;70
2;0;0;0;0;566;71
3;0;0;0;0;605;71
4;0;0;0;0;589;71
5;0;0;0;0;620;71
6;0;0;0;0;635;71
7;0;0;0;0;597;71
8;0;0;0;0;579;71
9;0;0;0;0;592;71
10;0;0;0;0;619;71
11;0;0;0;0;607;71
12;0;0;0;0;598;72
13;0;0;0;0;623;72
14;0;0;0;0;613;72
15;0;0;0;0;603;71
0;0;0;0;0;585;72
1;0;0;0;0;589;72
2;0;0;0;0;602;72
3;0;0;0;0;613;72
4;0;0;0;0;606;72
5;0;0;0;0;605;72
6;0;0;0;0;612;72
7;0;0;0;0;627;73
8;0;0;0;0;600;73
9;0;0;0;0;569;73
10;0;0;0;0;579;73
11;0;0;0;0;583;73
12;0;0;0;0;602;74
13;0;0;0;0;607;75
14;0;0;0;0;615;75
15;0;0;0;0;611;76
0;0;0;0;0;600;76
1;0;0;0;0;611;77
2;0;0;0;0;602;78
3;0;0;0;0;583;78
4;0;0;0;0;600;78
5;0;0;0;0;590;79
6;0;0;0;0;614;79
7;0;0;0;0;577;80
8;0;0;0;0;465;80
9;0;0;0;0;669;80
10;0;0;0;0;675;80
11;0;0;0;0;655;80
12;0;0;0;0;594;79
13;0;0;0;0;609;79
14;0;0;0;0;636;78
15;0;0;0;0;657;78
0;0;0;0;0;636;78
1;0;0;0;0;585;77
2;0;0;0;0;606;76
3;0;0;0;0;630;75
4;0;0;0;0;625;75
5;0;0;0;0;601;74
6;0;0;0;0;604;74
7;0;0;0;0;615;73
8;0;0;0;0;645;73
9;0;0;0;0;644;73
10;0;0;0;0;623;73
11;0;0;0;0;623;73
12;0;0;0;0;626;73
13;0;0;0;0;613;73
14;0;0;0;0;625;73
15;0;0;0;0;643;73
0;0;0;0;0;634;74
1;0;0;0;0;627;74
2;0;0;0;0;617;75
3;0;0;0;0;622;74
4;0;0;0;0;638;75
5;0;0;0;0;625;75
6;0;0;0;0;623;75
7;0;0;0;0;615;75
8;0;0;0;0;604;75
9;0;0;0;0;607;75
10;0;0;0;0;608;75
11;0;0;0;0;633;75
12;0;0;0;0;637;75
13;0;0;0;0;621;75
14;0;0;0;0;653;75
15;0;0;0;0;634;75
0;0;0;0;0;599;75
1;0;0;0;0;605;75
2;0;0;0;0;593;75
3;0;0;0;0;583;74
4;0;0;0;0;607;75
5;0;0;0;0;633;74
6;0;0;0;0;603;74
7;0;0;0;0;482;73
8;0;0;0;0;441;73
9;0;0;0;0;604;72
10;0;0;0;0;696;73
11;0;0;0;0;411;74
12;0;0;0;0;649;75
13;0;0;0;0;588;75
14;0;0;0;0;403;74
15;0;0;0;0;580;73
0;0;0;0;0;572;73
1;0;0;0;0;611;74
2;0;0;0;0;423;75
3;0;0;0;0;572;75
4;0;0;0;0;492;75
5;0;0;0;0;503;75
6;0;0;0;0;560;75
7;0;0;0;0;532;75
8;0;0;0;0;535;75
9;0;0;0;0;394;75
10;0;0;0;0;478;76
11;0;0;0;0;603;76
12;0;0;0;0;552;76
13;0;0;0;0;449;76
14;0;0;0;0;518;76
15;0;0;0;0;534;76
0;0;0;0;0;544;76
1;0;0;0;0;546;76
2;0;0;0;0;514;76
3;0;0;0;0;651;76
4;0;0;0;0;560;76
5;0;0;0;0;566;76
6;0;0;0;0;587;76
7;0;0;0;0;615;75
8;0;0;0;0;629;76
9;0;0;0;0;633;76
10;0;0;0;0;634;76
11;0;0;0;0;625;75
12;0;0;0;0;620;76
13;0;0;0;0;625;75
14;0;0;0;0;630;75
15;0;0;0;0;627;75
0;0;0;0;0;624;75
1;0;0;0;0;625;75
2;0;0;0;0;628;75
3;0;0;0;0;623;75
4;0;0;0;0;622;75
5;0;0;0;0;628;75
6;0;0;0;0;631;75
7;0;0;0;0;625;75
8;0;0;0;0;622;75
9;0;0;0;0;624;75
10;0;0;0;0;629;75
11;0;0;0;0;627;75
12;0;0;0;0;623;75
13;0;0;0;0;626;74
14;0;0;0;0;629;75
15;0;0;0;0;624;75
0;0;0;0;0;622;75
1;0;0;0;0;625;75
2;0;0;0;0;630;75
3;0;0;0;0;627;75
4;0;0;0;0;621;75
5;0;0;0;0;625;74
6;0;0;0;0;629;75
7;0;0;0;0;625;75
8;0;0;0;0;623;75
9;0;0;0;0;626;75
10;0;0;0;0;629;75
11;0;0;0;0;625;74
12;0;0;0;0;620;75
13;0;0;0;0;625;74
14;0;0;0;0;630;75
15;0;0;0;0;626;74
0;0;0;0;0;621;75
1;0;0;0;0;626;74
2;0;0;0;0;628;75
3;0;0;0;0;626;75
4;0;0;0;0;622;75
5;0;0;0;0;625;75
6;0;0;0;0;630;75
7;0;0;0;0;625;75
8;0;0;0;0;623;75
9;0;0;0;0;626;75
10;0;0;0;0;631;75
11;0;0;0;0;626;75
12;0;0;0;0;622;75
13;0;0;0;0;625;75
14;0;0;0;0;630;75
15;0;0;0;0;626;75
0;0;0;0;0;623;75
1;0;0;0;0;627;74
2;0;0;0;0;629;75
3;0;0;0;0;626;75
4;0;0;0;0;622;75
5;0;0;0;0;626;75
6;0;0;0;0;630;76
7;0;0;0;0;617;75
8;0;0;0;0;613;76
9;0;0;0;0;629;75
10;0;0;0;0;632;76
11;0;0;0;0;627;75
12;0;0;0;0;621;75
13;0;0;0;0;621;75
14;0;0;0;0;627;75
15;0;0;0;0;625;74
0;0;0;0;0;623;74
1;0;0;0;0;627;74
2;0;0;0;0;631;75
3;0;0;0;0;626;75
4;0;0;0;0;621;75
5;0;0;0;0;625;75
6;0;0;0;0;620;76
7;0;0;0;0;619;75
8;0;0;0;0;625;76
9;0;0;0;0;628;75
10;0;0;0;0;629;75
11;0;0;0;0;625;75
12;0;0;0;0;617;75
13;0;0;0;0;624;75
14;0;0;0;0;632;75
15;0;0;0;0;627;75
0;0;0;0;0;624;75
1;0;0;0;0;627;75
2;0;0;0;0;625;76
3;0;0;0;0;622;75
4;0;0;0;0;623;75
5;0;0;0;0;628;75
6;0;0;0;0;632;75
7;0;0;0;0;625;75
8;0;0;0;0;620;75
9;0;0;0;0;623;75
10;0;0;0;0;629;75
11;0;0;0;0;626;75
12;0;0;0;0;623;75
13;0;0;0;0;627;75
14;0;0;0;0;630;76
15;0;0;0;0;625;75
0;0;0;0;0;621;76
1;0;0;0;0;626;75
2;0;0;0;0;629;75
3;0;0;0;0;629;75
4;0;0;0;0;624;76
5;0;0;0;0;626;76
6;0;0;0;0;630;76
7;0;0;0;0;627;75
8;0;0;0;0;624;75
9;0;0;0;0;623;75
10;0;0;0;0;627;75
11;0;0;0;0;626;75
12;0;0;0;0;622;75
13;0;0;0;0;626;75
14;0;0;0;0;630;75
15;0;0;0;0;625;75
0;0;0;0;0;621;75
1;0;0;0;0;625;75
2;0;0;0;0;630;76
3;0;0;0;0;629;75
4;0;0;0;0;624;76
5;0;0;0;0;626;75
6;0;0;0;0;629;75
7;0;0;0;0;625;75
8;0;0;0;0;622;75
9;0;0;0;0;625;75
10;0;0;0;0;630;75
11;0;0;0;0;626;75
12;0;0;0;0;621;75
13;0;0;0;0;625;75
14;0;0;0;0;628;76
15;0;0;0;0;636;75
0;0;0;0;0;626;76
1;0;0;0;0;625;75
2;0;0;0;0;625;74
3;0;0;0;0;628;71
4;0;0;0;0;622;70
5;0;0;0;0;625;71
6;0;0;0;0;631;71
7;0;0;0;0;626;71
8;0;0;0;0;621;72
9;0;0;0;0;625;72
10;0;0;0;0;630;73
11;0;0;0;0;628;73
12;0;0;0;0;623;74
13;0;0;0;0;625;75
14;0;0;0;0;629;75
15;0;0;0;0;625;75
0;0;0;0;0;622;76
1;0;0;0;0;626;76
2;0;0;0;0;630;76
3;0;0;0;0;626;76
4;0;0;0;0;622;76
5;0;0;0;0;625;76
6;0;0;0;0;630;76
7;0;0;0;0;626;76
8;0;0;0;0;622;76
9;0;0;0;0;626;75
10;0;0;0;0;629;76
11;0;0;0;0;625;76
12;0;0;0;0;623;75
13;0;0;0;0;625;76
14;0;0;0;0;630;76
15;0;0;0;0;626;76
0;0;0;0;0;621;76
1;0;0;0;0;625;76
2;0;0;0;0;630;76
3;0;0;0;0;626;76
4;0;0;0;0;622;76
5;0;0;0;0;625;75
6;0;0;0;0;629;76
7;0;0;0;0;626;76
8;0;0;0;0;622;76
9;0;0;0;0;625;75
10;0;0;0;0;630;76
11;0;0;0;0;626;75
12;0;0;0;0;622;76
13;0;0;0;0;625;75
14;0;0;0;0;630;76
15;0;0;0;0;626;75
0;0;0;0;0;622;76
1;0;0;0;0;625;76
2;0;0;0;0;630;76
3;0;0;0;0;625;76
4;0;0;0;0;622;76
5;0;0;0;0;626;76
6;0;0;0;0;629;76
7;0;0;0;0;625;75
8;0;0;0;0;622;76
9;0;0;0;0;626;75
10;0;0;0;0;629;76
11;0;0;0;0;626;75
12;0;0;0;0;622;76
13;0;0;0;0;625;76
14;0;0;0;0;630;76
15;0;0;0;0;625;76
0;0;0;0;0;622;76
1;0;0;0;0;626;75
2;0;0;0;0;630;76
3;0;0;0;0;625;75
4;0;0;0;0;621;75
5;0;0;0;0;626;75
6;0;0;0;0;630;76
7;0;0;0;0;626;75
8;0;0;0;0;622;76
9;0;0;0;0;625;75
10;0;0;0;0;630;76
11;0;0;0;0;626;75
12;0;0;0;0;621;75
13;0;0;0;0;626;75
14;0;0;0;0;630;76
15;0;0;0;0;625;76
0;0;0;0;0;622;76
1;0;0;0;0;627;75
2;0;0;0;0;629;76
3;0;0;0;0;626;75
4;0;0;0;0;623;75
5;0;0;0;0;626;75
6;0;0;0;0;630;76
7;0;0;0;0;625;76
8;0;0;0;0;623;75
9;0;0;0;0;625;75
10;0;0;0;0;630;76
11;0;0;0;0;625;75
12;0;0;0;0;623;75
13;0;0;0;0;625;75
14;0;0;0;0;630;76
15;0;0;0;0;625;75
0;0;0;0;0;622;75
1;0;0;0;0;626;75
2;0;0;0;0;630;76
3;0;0;0;0;625;76
4;0;0;0;0;623;76
5;0;0;0;0;625;75
6;0;0;0;0;630;76
7;0;0;0;0;626;75
8;0;0;0;0;622;76
9;0;0;0;0;625;75
10;0;0;0;0;629;75
11;0;0;0;0;625;75
12;0;0;0;0;623;75
13;0;0;0;0;626;75
14;0;0;0;0;630;76
15;0;0;0;0;626;75
0;0;0;0;0;622;75
1;0;0;0;0;626;75
2;0;0;0;0;630;76
3;0;0;0;0;625;75
4;0;0;0;0;621;76
5;0;0;0;0;626;75
6;0;0;0;0;629;76
7;0;0;0;0;625;75
8;0;0;0;0;621;75
9;0;0;0;0;626;75
10;0;0;0;0;630;75
11;0;0;0;0;625;75
12;0;0;0;0;622;75
13;0;0;0;0;626;75
14;0;0;0;0;630;75
15;0;0;0;0;625;75
0;0;0;0;0;622;75
1;0;0;0;0;626;75
2;0;0;0;0;630;75
3;0;0;0;0;627;75
4;0;0;0;0;622;75
5;0;0;0;0;626;75
6;0;0;0;0;630;75
7;0;0;0;0;626;75
8;0;0;0;0;622;75
9;0;0;0;0;625;75
10;0;0;0;0;630;75
11;0;0;0;0;625;75
12;0;0;0;0;621;75
13;0;0;0;0;627;75
14;0;0;0;0;630;75
15;0;0;0;0;625;75
0;0;0;0;0;621;75
1;0;0;0;0;626;75
2;0;0;0;0;630;75
3;0;0;0;0;626;75
4;0;0;0;0;622;75
5;0;0;0;0;625;75
6;0;0;0;0;630;75
7;0;0;0;0;625;75
8;0;0;0;0;622;76
9;0;0;0;0;625;75
10;0;0;0;0;630;75
11;0;0;0;0;626;75
12;0;0;0;0;622;75
13;0;0;0;0;626;75
14;0;0;0;0;630;75
15;0;0;0;0;626;75
0;0;0;0;0;622;75
1;0;0;0;0;626;75
2;0;0;0;0;630;76
3;0;0;0;0;625;75
4;0;0;0;0;622;75
5;0;0;0;0;625;75
6;0;0;0;0;630;75
7;0;0;0;0;626;75
8;0;0;0;0;622;75
9;0;0;0;0;626;75
10;0;0;0;0;630;75
11;0;0;0;0;625;75
12;0;0;0;0;622;75
13;0;0;0;0;625;75
14;0;0;0;0;631;75
15;0;0;0;0;626;75
0;0;0;0;0;622;75
1;0;0;0;0;625;75
2;0;0;0;0;630;75
3;0;0;0;0;626;75
4;0;0;0;0;622;75
5;0;0;0;0;625;75
6;0;0;0;0;629;75
7;0;0;0;0;626;75
8;0;0;0;0;622;75
9;0;0;0;0;626;75
10;0;0;0;0;631;75
11;0;0;0;0;626;75
12;0;0;0;0;621;75
13;0;0;0;0;626;75
14;0;0;0;0;630;75
15;0;0;0;0;625;75
0;0;0;0;0;622;75
1;0;0;0;0;626;75
2;0;0;0;0;630;75
3;0;0;0;0;626;75
4;0;0;0;0;622;75
5;0;0;0;0;626;75
6;0;0;0;0;628;75
7;0;0;0;0;625;75
8;0;0;0;0;623;75
9;0;0;0;0;625;75
10;0;0;0;0;630;75
11;0;0;0;0;627;75
12;0;0;0;0;621;75
13;0;0;0;0;625;74
14;0;0;0;0;629;74
15;0;0;0;0;626;74
0;0;0;0;0;623;74
1;0;0;0;0;625;74
2;0;0;0;0;630;74
3;0;0;0;0;625;73
4;0;0;0;0;621;73
5;0;0;0;0;625;73
6;0;0;0;0;630;73
7;0;0;0;0;625;72
8;0;0;0;0;622;72
9;0;0;0;0;626;72
10;0;0;0;0;629;72
11;0;0;0;0;626;72
12;0;0;0;0;622;72
13;0;0;0;0;625;72
14;0;0;0;0;630;72
15;0;0;0;0;626;72
0;0;0;0;0;622;72
1;0;0;0;0;625;72
2;0;0;0;0;630;72
3;0;0;0;0;626;71
4;0;0;0;0;623;72
5;0;0;0;0;626;72
6;0;0;0;0;630;72
7;0;0;0;0;626;71
8;0;0;0;0;621;72
9;0;0;0;0;626;72
10;0;0;0;0;630;72
11;0;0;0;0;627;72
12;0;0;0;0;621;72
13;0;0;0;0;625;72
14;0;0;0;0;630;72
15;0;0;0;0;626;72
0;0;0;0;0;622;72
1;0;0;0;0;626;72
2;0;0;0;0;630;72
3;0;0;0;0;625;72
4;0;0;0;0;621;72
5;0;0;0;0;626;72
6;0;0;0;0;630;73
7;0;0;0;0;625;73
8;0;0;0;0;621;73
9;0;0;0;0;625;73
10;0;0;0;0;630;72
11;0;0;0;0;626;72
12;0;0;0;0;622;73
13;0;0;0;0;625;73
14;0;0;0;0;629;73
15;0;0;0;0;625;72
0;0;0;0;0;622;72
1;0;0;0;0;626;73
2;0;0;0;0;630;72
3;0;0;0;0;625;72
4;0;0;0;0;621;72
5;0;0;0;0;625;72
6;0;0;0;0;630;72
7;0;0;0;0;625;72
8;0;0;0;0;622;73
9;0;0;0;0;626;72
10;0;0;0;0;630;72
11;0;0;0;0;626;72
12;0;0;0;0;622;73
13;0;0;0;0;625;72
14;0;0;0;0;630;72
15;0;0;0;0;625;72
0;0;0;0;0;621;73
1;0;0;0;0;626;73
2;0;0;0;0;631;73
3;0;0;0;0;625;73
4;0;0;0;0;622;73
5;0;0;0;0;627;72
6;0;0;0;0;630;72
7;0;0;0;0;625;73
8;0;0;0;0;622;73
9;0;0;0;0;627;73
10;0;0;0;0;629;73
11;0;0;0;0;625;73
12;0;0;0;0;623;73
13;0;0;0;0;625;72
14;0;0;0;0;629;73
15;0;0;0;0;625;72
0;0;0;0;0;622;73
1;0;0;0;0;625;72
2;0;0;0;0;630;72
3;0;0;0;0;626;72
4;0;0;0;0;622;72
5;0;0;0;0;625;72
6;0;0;0;0;630;73
7;0;0;0;0;625;72
8;0;0;0;0;622;73
9;0;0;0;0;625;72
10;0;0;0;0;629;73
11;0;0;0;0;626;73
12;0;0;0;0;622;73
13;0;0;0;0;625;73
14;0;0;0;0;630;73
15;0;0;0;0;626;73
0;0;0;0;0;622;73
1;0;0;0;0;626;73
2;0;0;0;0;630;73
3;0;0;0;0;626;73
4;0;0;0;0;622;73
5;0;0;0;0;627;73
6;0;0;0;0;630;73
7;0;0;0;0;624;73
8;0;0;0;0;625;73
9;0;0;0;0;625;72
10;0;0;0;0;628;72
11;0;0;0;0;626;73
12;0;0;0;0;624;73
13;0;0;0;0;625;72
14;0;0;0;0;630;73
15;0;0;0;0;627;73
0;0;0;0;0;621;73
1;0;0;0;0;625;72
2;0;0;0;0;632;71
3;0;0;0;0;625;71
4;0;0;0;0;620;71
5;0;0;0;0;627;70
6;0;0;0;0;629;69
7;0;0;0;0;624;69
8;0;0;0;0;623;68
9;0;0;0;0;625;68
10;0;0;0;0;628;68
11;0;0;0;0;627;68
12;0;0;0;0;621;67
13;0;0;0;0;626;67
14;0;0;0;0;630;67
15;0;0;0;0;625;67
0;0;0;0;0;622;67
1;0;0;0;0;625;67
2;0;0;0;0;630;67
3;0;0;0;0;627;66
4;0;0;0;0;621;66
5;0;0;0;0;625;66
6;0;0;0;0;631;66
7;0;0;0;0;625;66
8;0;0;0;0;621;66
9;0;0;0;0;627;274
10;0;0;0;0;630;279
11;0;0;0;0;626;285
12;0;0;0;0;622;291
13;0;0;0;0;626;129
14;0;0;0;0;630;131
15;0;0;0;0;625;133
0;0;0;0;0;621;135
1;0;0;0;0;626;137
2;0;0;0;0;629;140
3;0;0;0;0;624;142
4;0;0;0;0;622;144
5;0;0;0;0;625;147
6;0;0;0;0;630;149
7;0;0;0;0;628;151
8;0;0;0;0;622;153
9;0;0;0;0;626;155
10;0;0;0;0;631;156
11;0;0;0;0;625;158
12;0;0;0;0;623;160
13;0;0;0;0;626;161
14;0;0;0;0;629;163
15;0;0;0;0;625;165
0;0;0;0;0;621;167
1;0;0;0;0;625;168
2;0;0;0;0;630;169
3;0;0;0;0;625;170
4;0;0;0;0;620;171
5;0;0;0;0;627;171
6;0;0;0;0;631;171
7;0;0;0;0;625;170
8;0;0;0;0;622;170
9;0;0;0;0;627;170
10;0;0;0;0;628;170
11;0;0;0;0;626;169
12;0;0;0;0;623;169
13;0;0;0;0;624;168
14;0;0;0;0;631;167
15;0;0;0;0;625;166
0;0;0;0;0;622;166
1;0;0;0;0;627;164
2;0;0;0;0;629;163
3;0;0;0;0;625;163
4;0;0;0;0;624;162
5;0;0;0;0;625;161
6;0;0;0;0;629;161
7;0;0;0;0;627;161
8;0;0;0;0;621;161
9;0;0;0;0;626;161
10;0;0;0;0;629;162
11;0;0;0;0;625;163
12;0;0;0;0;622;164
13;0;0;0;0;626;165
14;0;0;0;0;632;166
15;0;0;0;0;625;167
0;0;0;0;0;621;168
1;0;0;0;0;627;169
2;0;0;0;0;631;172
3;0;0;0;0;624;174
4;0;0;0;0;623;177
5;0;0;0;0;626;179
6;0;0;0;0;628;182
7;0;0;0;0;625;184
8;0;0;0;0;621;185
9;0;0;0;0;626;187
10;0;0;0;0;631;189
11;0;0;0;0;624;191
12;0;0;0;0;623;192
13;0;0;0;0;628;193
14;0;0;0;0;627;193
15;0;0;0;0;625;193
0;0;0;0;0;623;193
1;0;0;0;0;625;193
2;0;0;0;0;629;193
3;0;0;0;0;627;192
4;0;0;0;0;622;191
5;0;0;0;0;625;189
6;0;0;0;0;630;187
7;0;0;0;0;626;184
8;0;0;0;0;622;182
9;0;0;0;0;626;181
10;0;0;0;0;629;180
11;0;0;0;0;626;180
12;0;0;0;0;622;64
13;0;0;0;0;626;63
14;0;0;0;0;630;63
15;0;0;0;0;626;63
0;0;0;0;0;623;63
1;0;0;0;0;625;63
2;0;0;0;0;629;63
3;0;0;0;0;626;63
4;0;0;0;0;621;63
5;0;0;0;0;626;63
6;0;0;0;0;630;63
7;0;0;0;0;626;63
8;0;0;0;0;622;63
9;0;0;0;0;625;63
10;0;0;0;0;630;63
11;0;0;0;0;626;63
12;0;0;0;0;622;63
13;0;0;0;0;626;63
14;0;0;0;0;630;63
15;0;0;0;0;625;63
0;0;0;0;0;622;63
1;0;0;0;0;625;63
2;0;0;0;0;630;64
3;0;0;0;0;625;64
4;0;0;0;0;622;64
5;0;0;0;0;625;64
6;0;0;0;0;630;64
7;0;0;0;0;627;64
8;0;0;0;0;622;154
9;0;0;0;0;626;153
10;0;0;0;0;630;152
11;0;0;0;0;626;151
12;0;0;0;0;622;150
13;0;0;0;0;626;148
14;0;0;0;0;630;147
15;0;0;0;0;625;147
0;0;0;0;0;621;147
1;0;0;0;0;626;146
2;0;0;0;0;630;146
3;0;0;0;0;625;146
4;0;0;0;0;622;146
5;0;0;0;0;626;146
6;0;0;0;0;630;146
7;0;0;0;0;625;145
8;0;0;0;0;623;145
9;0;0;0;0;626;145
10;0;0;0;0;630;144
11;0;0;0;0;626;144
12;0;0;0;0;622;64
13;0;0;0;0;625;64
14;0;0;0;0;630;64
15;0;0;0;0;626;64
0;0;0;0;0;622;64
1;0;0;0;0;626;64
2;0;0;0;0;630;64
3;0;0;0;0;626;64
4;0;0;0;0;622;64
5;0;0;0;0;625;64
6;0;0;0;0;630;64
7;0;0;0;0;626;64
8;0;0;0;0;622;64
9;0;0;0;0;626;64
10;0;0;0;0;630;64
11;0;0;0;0;625;64
12;0;0;0;0;622;64
13;0;0;0;0;626;64
14;0;0;0;0;629;64
15;0;0;0;0;625;65
0;0;0;0;0;622;64
1;0;0;0;0;625;141
2;0;0;0;0;629;136
3;0;0;0;0;627;135
4;0;0;0;0;622;135
5;0;0;0;0;625;135
6;0;0;0;0;631;134
7;0;0;0;0;627;133
8;0;0;0;0;621;132
9;0;0;0;0;626;131
10;0;0;0;0;630;131
11;0;0;0;0;626;131
12;0;0;0;0;622;130
13;0;0;0;0;626;129
14;0;0;0;0;630;129
15;0;0;0;0;625;129
0;0;0;0;0;622;129
1;0;0;0;0;627;129
2;0;0;0;0;629;64
3;0;0;0;0;625;64
4;0;0;0;0;622;64
5;0;0;0;0;626;64
6;0;0;0;0;629;63
7;0;0;0;0;626;64
8;0;0;0;0;621;64
9;0;0;0;0;626;64
10;0;0;0;0;629;64
11;0;0;0;0;626;64
12;0;0;0;0;621;63
13;0;0;0;0;626;64
14;0;0;0;0;630;63
15;0;0;0;0;625;63
0;0;0;0;0;622;63
1;0;0;0;0;626;63
2;0;0;0;0;630;63
3;0;0;0;0;626;130
4;0;0;0;0;621;129
5;0;0;0;0;626;129
6;0;0;0;0;629;129
7;0;0;0;0;626;129
8;0;0;0;0;622;129
9;0;0;0;0;625;129
10;0;0;0;0;630;129
11;0;0;0;0;625;129
12;0;0;0;0;622;129
13;0;0;0;0;626;129
14;0;0;0;0;629;129
15;0;0;0;0;626;129
0;0;0;0;0;623;129
1;0;0;0;0;626;129
2;0;0;0;0;630;129
3;0;0;0;0;626;129
4;0;0;0;0;622;129
5;0;0;0;0;625;63
6;0;0;0;0;630;63
7;0;0;0;0;626;63
8;0;0;0;0;621;63
9;0;0;0;0;626;63
10;0;0;0;0;630;63
11;0;0;0;0;625;63
12;0;0;0;0;621;63
13;0;0;0;0;625;63
14;0;0;0;0;630;63
15;0;0;0;0;625;63
0;0;0;0;0;621;63
1;0;0;0;0;626;63
2;0;0;0;0;630;63
3;0;0;0;0;626;63
4;0;0;0;0;621;63
5;0;0;0;0;625;63
6;0;0;0;0;630;63
7;0;0;0;0;625;63
8;0;0;0;0;622;62
9;0;0;0;0;625;63
10;0;0;0;0;630;127
11;0;0;0;0;626;127
12;0;0;0;0;622;127
13;0;0;0;0;626;127
14;0;0;0;0;630;127
15;0;0;0;0;625;126
0;0;0;0;0;621;126
1;0;0;0;0;625;126
2;0;0;0;0;630;126
3;0;0;0;0;626;126
4;0;0;0;0;622;126
5;0;0;0;0;625;126
6;0;0;0;0;630;127
7;0;0;0;0;626;127
8;0;0;0;0;621;127
9;0;0;0;0;626;127
10;0;0;0;0;629;127
11;0;0;0;0;626;127
12;0;0;0;0;622;127
13;0;0;0;0;627;127
14;0;0;0;0;630;62
15;0;0;0;0;625;62
0;0;0;0;0;622;62
1;0;0;0;0;625;63
2;0;0;0;0;630;62
3;0;0;0;0;626;63
4;0;0;0;0;622;62
5;0;0;0;0;625;63
6;0;0;0;0;630;62
7;0;0;0;0;625;63
8;0;0;0;0;622;63
9;0;0;0;0;627;63
10;0;0;0;0;630;63
11;0;0;0;0;626;63
12;0;0;0;0;621;63
13;0;0;0;0;625;63
14;0;0;0;0;629;63
15;0;0;0;0;625;63
0;0;0;0;0;621;63
1;0;0;0;0;626;133
2;0;0;0;0;629;133
3;0;0;0;0;626;133
4;0;0;0;0;621;133
5;0;0;0;0;626;133
6;0;0;0;0;630;133
7;0;0;0;0;627;132
8;0;0;0;0;622;133
9;0;0;0;0;625;133
10;0;0;0;0;630;132
11;0;0;0;0;627;132
12;0;0;0;0;622;132
13;0;0;0;0;626;132
14;0;0;0;0;630;132
15;0;0;0;0;625;132
0;0;0;0;0;622;132
1;0;0;0;0;625;65
2;0;0;0;0;629;64
3;0;0;0;0;626;64
4;0;0;0;0;622;65
5;0;0;0;0;625;65
6;0;0;0;0;630;65
7;0;0;0;0;626;65
8;0;0;0;0;622;65
9;0;0;0;0;625;65
10;0;0;0;0;630;65
11;0;0;0;0;626;65
12;0;0;0;0;622;65
13;0;0;0;0;626;65
14;0;0;0;0;630;65
15;0;0;0;0;625;65
0;0;0;0;0;621;65
1;0;0;0;0;626;65
2;0;0;0;0;630;65
3;0;0;0;0;624;294
4;0;0;0;0;622;126
5;0;0;0;0;626;126
6;0;0;0;0;630;126
7;0;0;0;0;626;125
8;0;0;0;0;622;125
9;0;0;0;0;625;124
10;0;0;0;0;629;124
11;0;0;0;0;626;124
12;0;0;0;0;622;123
13;0;0;0;0;626;123
14;0;0;0;0;629;123
15;0;0;0;0;625;123
0;0;0;0;0;621;121
1;0;0;0;0;625;121
2;0;0;0;0;630;121
3;0;0;0;0;625;121
4;0;0;0;0;622;120
5;0;0;0;0;626;120
6;0;0;0;0;629;65
7;0;0;0;0;625;65
8;0;0;0;0;622;64
9;0;0;0;0;626;65
10;0;0;0;0;629;64
11;0;0;0;0;625;65
12;0;0;0;0;622;64
13;0;0;0;0;625;65
14;0;0;0;0;630;64
15;0;0;0;0;626;64
0;0;0;0;0;622;64
1;0;0;0;0;625;64
2;0;0;0;0;629;64
3;0;0;0;0;627;64
4;0;0;0;0;622;64
5;0;0;0;0;625;118
6;0;0;0;0;630;116
7;0;0;0;0;626;116
8;0;0;0;0;621;115
9;0;0;0;0;626;115
10;0;0;0;0;629;114
11;0;0;0;0;626;114
12;0;0;0;0;622;113
13;0;0;0;0;625;113
14;0;0;0;0;630;113
15;0;0;0;0;627;113
0;0;0;0;0;622;112
1;0;0;0;0;626;112
2;0;0;0;0;630;112
3;0;0;0;0;626;111
4;0;0;0;0;622;111
5;0;0;0;0;625;98
6;0;0;0;0;630;64
7;0;0;0;0;625;64
8;0;0;0;0;622;64
9;0;0;0;0;625;64
10;0;0;0;0;630;64
11;0;0;0;0;626;64
12;0;0;0;0;622;64
13;0;0;0;0;625;64
14;0;0;0;0;630;64
15;0;0;0;0;626;64
0;0;0;0;0;621;63
1;0;0;0;0;626;64
2;0;0;0;0;631;63
3;0;0;0;0;626;64
4;0;0;0;0;621;63
5;0;0;0;0;626;64
6;0;0;0;0;630;64
7;0;0;0;0;626;64
8;0;0;0;0;622;64
9;0;0;0;0;625;64
10;0;0;0;0;630;214
11;0;0;0;0;626;109
12;0;0;0;0;622;108
13;0;0;0;0;625;109
14;0;0;0;0;630;108
15;0;0;0;0;625;108
0;0;0;0;0;622;108
1;0;0;0;0;626;108
2;0;0;0;0;629;108
3;0;0;0;0;626;108
4;0;0;0;0;622;109
5;0;0;0;0;626;109
6;0;0;0;0;631;110
7;0;0;0;0;625;109
8;0;0;0;0;622;109
9;0;0;0;0;626;109
10;0;0;0;0;630;110
11;0;0;0;0;625;110
12;0;0;0;0;622;110
13;0;0;0;0;625;63
14;0;0;0;0;630;63
15;0;0;0;0;625;63
0;0;0;0;0;621;63
1;0;0;0;0;625;63
2;0;0;0;0;629;63
3;0;0;0;0;625;63
4;0;0;0;0;622;63
5;0;0;0;0;626;63
6;0;0;0;0;630;63
7;0;0;0;0;626;63
8;0;0;0;0;620;63
9;0;0;0;0;626;63
10;0;0;0;0;629;63
11;0;0;0;0;625;63
12;0;0;0;0;621;63
13;0;0;0;0;626;63
14;0;0;0;0;629;63
15;0;0;0;0;626;63
0;0;0;0;0;621;63
1;0;0;0;0;625;63
2;0;0;0;0;630;113
3;0;0;0;0;625;114
4;0;0;0;0;622;114
5;0;0;0;0;626;114
6;0;0;0;0;629;114
7;0;0;0;0;625;113
8;0;0;0;0;622;113
9;0;0;0;0;625;113
10;0;0;0;0;630;113
11;0;0;0;0;625;112
12;0;0;0;0;622;112
13;0;0;0;0;625;112
14;0;0;0;0;629;112
15;0;0;0;0;625;113
0;0;0;0;0;621;113
1;0;0;0;0;625;113
2;0;0;0;0;630;114
3;0;0;0;0;625;114
4;0;0;0;0;622;114
5;0;0;0;0;626;114
6;0;0;0;0;630;115
7;0;0;0;0;625;115
8;0;0;0;0;622;63
9;0;0;0;0;625;64
10;0;0;0;0;629;64
11;0;0;0;0;625;64
12;0;0;0;0;622;64
13;0;0;0;0;625;64
14;0;0;0;0;629;63
15;0;0;0;0;626;64
0;0;0;0;0;621;64
1;0;0;0;0;626;64
2;0;0;0;0;630;64
3;0;0;0;0;626;64
4;0;0;0;0;621;64
5;0;0;0;0;626;64
6;0;0;0;0;629;64
7;0;0;0;0;625;64
8;0;0;0;0;622;64
9;0;0;0;0;625;64
10;0;0;0;0;630;64
11;0;0;0;0;625;64
12;0;0;0;0;622;116
13;0;0;0;0;625;116
14;0;0;0;0;630;117
15;0;0;0;0;626;117
0;0;0;0;0;622;118
1;0;0;0;0;625;118
2;0;0;0;0;629;118
3;0;0;0;0;625;118
4;0;0;0;0;622;118
5;0;0;0;0;626;118
6;0;0;0;0;630;118
7;0;0;0;0;625;118
8;0;0;0;0;621;118
9;0;0;0;0;625;119
10;0;0;0;0;630;119
11;0;0;0;0;626;119
12;0;0;0;0;622;119
13;0;0;0;0;625;119
14;0;0;0;0;630;64
15;0;0;0;0;625;64
0;0;0;0;0;621;64
1;0;0;0;0;625;64
2;0;0;0;0;630;64
3;0;0;0;0;626;64
4;0;0;0;0;621;64
5;0;0;0;0;626;64
6;0;0;0;0;630;64
7;0;0;0;0;626;65
8;0;0;0;0;621;64
9;0;0;0;0;625;65
10;0;0;0;0;629;65
11;0;0;0;0;626;65
12;0;0;0;0;622;64
13;0;0;0;0;625;64
14;0;0;0;0;630;64
15;0;0;0;0;625;119
0;0;0;0;0;621;120
1;0;0;0;0;625;119
2;0;0;0;0;629;119
3;0;0;0;0;625;119
4;0;0;0;0;622;119
5;0;0;0;0;625;119
6;0;0;0;0;630;118
7;0;0;0;0;626;118
8;0;0;0;0;622;118
9;0;0;0;0;625;118
10;0;0;0;0;629;118
11;0;0;0;0;626;118
12;0;0;0;0;622;117
13;0;0;0;0;625;117
14;0;0;0;0;629;117
15;0;0;0;0;626;65
0;0;0;0;0;622;65
1;0;0;0;0;625;65
2;0;0;0;0;629;65
3;0;0;0;0;626;65
4;0;0;0;0;623;65
5;0;0;0;0;626;65
6;0;0;0;0;629;65
7;0;0;0;0;626;65
8;0;0;0;0;622;65
9;0;0;0;0;626;65
10;0;0;0;0;630;65
11;0;0;0;0;626;65
12;0;0;0;0;621;65
13;0;0;0;0;625;65
14;0;0;0;0;630;65
15;0;0;0;0;626;65
0;0;0;0;0;621;65
1;0;0;0;0;626;254
2;0;0;0;0;629;115
3;0;0;0;0;626;116
4;0;0;0;0;622;115
5;0;0;0;0;625;115
6;0;0;0;0;630;115
7;0;0;0;0;625;115
8;0;0;0;0;622;115
9;0;0;0;0;626;115
10;0;0;0;0;629;114
11;0;0;0;0;625;115
12;0;0;0;0;622;115
13;0;0;0;0;625;115
14;0;0;0;0;630;115
15;0;0;0;0;625;115
0;0;0;0;0;621;115
1;0;0;0;0;626;115
2;0;0;0;0;629;115
3;0;0;0;0;625;115
4;0;0;0;0;622;65
5;0;0;0;0;625;65
6;0;0;0;0;630;65
7;0;0;0;0;626;65
8;0;0;0;0;622;65
9;0;0;0;0;625;65
10;0;0;0;0;630;65
11;0;0;0;0;625;65
12;0;0;0;0;622;65
13;0;0;0;0;626;65
14;0;0;0;0;629;65
15;0;0;0;0;626;65
0;0;0;0;0;622;65
1;0;0;0;0;626;65
2;0;0;0;0;629;65
3;0;0;0;0;626;65
4;0;0;0;0;622;65
5;0;0;0;0;626;65
6;0;0;0;0;629;65
7;0;0;0;0;625;65
8;0;0;0;0;622;64
9;0;0;0;0;626;65
10;0;0;0;0;630;65
11;0;0;0;0;625;248
12;0;0;0;0;622;114
13;0;0;0;0;626;115
14;0;0;0;0;630;114
15;0;0;0;0;626;114
0;0;0;0;0;622;114
1;0;0;0;0;625;114
2;0;0;0;0;629;113
3;0;0;0;0;626;114
4;0;0;0;0;622;113
5;0;0;0;0;626;114
6;0;0;0;0;630;114
7;0;0;0;0;625;114
8;0;0;0;0;621;114
9;0;0;0;0;625;115
10;0;0;0;0;629;115
11;0;0;0;0;626;115
12;0;0;0;0;621;115
13;0;0;0;0;625;116
14;0;0;0;0;630;115
15;0;0;0;0;626;115
0;0;0;0;0;621;115
1;0;0;0;0;626;64
2;0;0;0;0;629;64
3;0;0;0;0;625;64
4;0;0;0;0;622;64
5;0;0;0;0;626;64
6;0;0;0;0;630;64
7;0;0;0;0;625;64
8;0;0;0;0;621;64
9;0;0;0;0;625;64
10;0;0;0;0;629;64
11;0;0;0;0;625;64
12;0;0;0;0;622;63
13;0;0;0;0;625;63
14;0;0;0;0;630;63
15;0;0;0;0;627;63
0;0;0;0;0;622;63
1;0;0;0;0;625;63
2;0;0;0;0;630;63
3;0;0;0;0;625;64
4;0;0;0;0;622;63
5;0;0;0;0;626;64
6;0;0;0;0;629;63
7;0;0;0;0;626;63
8;0;0;0;0;623;236
9;0;0;0;0;625;113
10;0;0;0;0;629;113
11;0;0;0;0;626;113
12;0;0;0;0;622;113
13;0;0;0;0;626;113
14;0;0;0;0;630;112
15;0;0;0;0;625;112
0;0;0;0;0;622;112
1;0;0;0;0;625;112
2;0;0;0;0;630;112
3;0;0;0;0;626;112
4;0;0;0;0;622;112
5;0;0;0;0;625;113
6;0;0;0;0;629;112
7;0;0;0;0;625;113
8;0;0;0;0;622;112
9;0;0;0;0;626;112
10;0;0;0;0;629;63
11;0;0;0;0;626;63
12;0;0;0;0;622;63
13;0;0;0;0;625;63
14;0;0;0;0;629;63
15;0;0;0;0;625;63
0;0;0;0;0;621;63
1;0;0;0;0;625;63
2;0;0;0;0;630;63
3;0;0;0;0;625;63
4;0;0;0;0;623;63
5;0;0;0;0;625;63
6;0;0;0;0;630;63
7;0;0;0;0;626;63
8;0;0;0;0;621;63
9;0;0;0;0;626;63
10;0;0;0;0;629;63
11;0;0;0;0;625;63
12;0;0;0;0;622;63
13;0;0;0;0;626;63
14;0;0;0;0;629;63
15;0;0;0;0;625;63
0;0;0;0;0;622;111
1;0;0;0;0;626;112
2;0;0;0;0;630;111
3;0;0;0;0;625;111
4;0;0;0;0;622;111
5;0;0;0;0;625;111
6;0;0;0;0;629;111
7;0;0;0;0;625;111
8;0;0;0;0;622;111
9;0;0;0;0;625;111
10;0;0;0;0;630;111
11;0;0;0;0;626;111
12;0;0;0;0;622;112
13;0;0;0;0;626;112
14;0;0;0;0;629;112
15;0;0;0;0;626;112
0;0;0;0;0;622;112
1;0;0;0;0;626;112
2;0;0;0;0;630;112
3;0;0;0;0;626;112
4;0;0;0;0;622;63
5;0;0;0;0;625;63
6;0;0;0;0;630;63
7;0;0;0;0;626;63
8;0;0;0;0;622;63
9;0;0;0;0;627;63
10;0;0;0;0;630;63
11;0;0;0;0;625;63
12;0;0;0;0;622;63
13;0;0;0;0;625;63
14;0;0;0;0;629;63
15;0;0;0;0;626;63
0;0;0;0;0;622;63
1;0;0;0;0;626;63
2;0;0;0;0;630;63
3;0;0;0;0;625;63
4;0;0;0;0;621;63
5;0;0;0;0;626;63
6;0;0;0;0;630;63
7;0;0;0;0;626;63
8;0;0;0;0;622;63
9;0;0;0;0;625;63
10;0;0;0;0;630;63
11;0;0;0;0;626;242
12;0;0;0;0;622;111
13;0;0;0;0;625;111
14;0;0;0;0;629;111
15;0;0;0;0;625;111
0;0;0;0;0;621;111
1;0;0;0;0;625;111
2;0;0;0;0;629;110
3;0;0;0;0;625;111
4;0;0;0;0;622;111
5;0;0;0;0;626;111
6;0;0;0;0;630;111
7;0;0;0;0;626;111
8;0;0;0;0;621;111
9;0;0;0;0;627;112
10;0;0;0;0;629;112
11;0;0;0;0;626;112
12;0;0;0;0;622;113
13;0;0;0;0;625;112
14;0;0;0;0;630;113
15;0;0;0;0;625;63
0;0;0;0;0;622;63
1;0;0;0;0;625;63
2;0;0;0;0;630;63
3;0;0;0;0;625;63
4;0;0;0;0;621;63
5;0;0;0;0;627;63
6;0;0;0;0;630;63
7;0;0;0;0;625;63
8;0;0;0;0;621;63
9;0;0;0;0;626;63
10;0;0;0;0;630;63
11;0;0;0;0;625;63
12;0;0;0;0;621;63
13;0;0;0;0;625;63
14;0;0;0;0;629;63
15;0;0;0;0;626;63
0;0;0;0;0;622;63
1;0;0;0;0;625;63
2;0;0;0;0;629;63
3;0;0;0;0;627;63
4;0;0;0;0;622;63
5;0;0;0;0;625;110
6;0;0;0;0;630;110
7;0;0;0;0;626;110
8;0;0;0;0;622;109
9;0;0;0;0;626;109
10;0;0;0;0;630;109
11;0;0;0;0;625;109
12;0;0;0;0;622;109
13;0;0;0;0;625;109
14;0;0;0;0;630;109
15;0;0;0;0;626;109
0;0;0;0;0;621;109
1;0;0;0;0;625;110
2;0;0;0;0;630;110
3;0;0;0;0;626;110
4;0;0;0;0;622;110
5;0;0;0;0;626;111
6;0;0;0;0;630;111
7;0;0;0;0;626;111
8;0;0;0;0;621;111
9;0;0;0;0;627;111
10;0;0;0;0;630;111
11;0;0;0;0;626;63
12;0;0;0;0;622;63
13;0;0;0;0;626;63
14;0;0;0;0;630;63
15;0;0;0;0;626;63
0;0;0;0;0;622;63
1;0;0;0;0;626;63
2;0;0;0;0;630;63
3;0;0;0;0;626;63
4;0;0;0;0;621;63
5;0;0;0;0;625;63
6;0;0;0;0;630;63
7;0;0;0;0;625;63
8;0;0;0;0;622;63
9;0;0;0;0;625;63
10;0;0;0;0;629;63
11;0;0;0;0;625;63
12;0;0;0;0;621;63
13;0;0;0;0;626;240
14;0;0;0;0;629;111
15;0;0;0;0;625;111
0;0;0;0;0;622;110
1;0;0;0;0;626;111
2;0;0;0;0;630;110
3;0;0;0;0;626;110
4;0;0;0;0;622;110
5;0;0;0;0;625;111
6;0;0;0;0;630;111
7;0;0;0;0;627;111
8;0;0;0;0;622;111
9;0;0;0;0;625;111
10;0;0;0;0;631;111
11;0;0;0;0;625;111
12;0;0;0;0;622;111
13;0;0;0;0;625;112
14;0;0;0;0;629;111
15;0;0;0;0;626;112
0;0;0;0;0;621;112
1;0;0;0;0;625;112
2;0;0;0;0;630;111
3;0;0;0;0;625;111
4;0;0;0;0;622;63
5;0;0;0;0;625;63
6;0;0;0;0;630;63
7;0;0;0;0;626;63
8;0;0;0;0;621;63
9;0;0;0;0;625;63
10;0;0;0;0;630;63
11;0;0;0;0;626;63
12;0;0;0;0;621;63
13;0;0;0;0;626;63
14;0;0;0;0;630;63
15;0;0;0;0;625;63
0;0;0;0;0;622;63
1;0;0;0;0;625;63
2;0;0;0;0;631;63
3;0;0;0;0;625;63
4;0;0;0;0;622;63
5;0;0;0;0;625;63
6;0;0;0;0;629;63
7;0;0;0;0;626;62
8;0;0;0;0;622;63
9;0;0;0;0;626;187
10;0;0;0;0;629;110
11;0;0;0;0;625;110
12;0;0;0;0;623;109
13;0;0;0;0;627;109
14;0;0;0;0;629;109
15;0;0;0;0;625;109
0;0;0;0;0;622;109
1;0;0;0;0;626;109
2;0;0;0;0;630;109
3;0;0;0;0;625;110
4;0;0;0;0;622;109
5;0;0;0;0;626;110
6;0;0;0;0;630;110
7;0;0;0;0;625;110
8;0;0;0;0;623;110
9;0;0;0;0;625;111
10;0;0;0;0;630;111
11;0;0;0;0;626;111
12;0;0;0;0;622;110
13;0;0;0;0;626;110
14;0;0;0;0;630;62
15;0;0;0;0;626;62
0;0;0;0;0;621;62
1;0;0;0;0;625;62
2;0;0;0;0;630;62
3;0;0;0;0;626;62
4;0;0;0;0;622;62
5;0;0;0;0;625;62
6;0;0;0;0;630;62
7;0;0;0;0;625;62
8;0;0;0;0;621;62
9;0;0;0;0;626;62
10;0;0;0;0;629;62
11;0;0;0;0;625;62
12;0;0;0;0;622;62
13;0;0;0;0;626;62
14;0;0;0;0;630;62
15;0;0;0;0;625;62
0;0;0;0;0;622;61
1;0;0;0;0;626;62
2;0;0;0;0;629;62
3;0;0;0;0;626;232
4;0;0;0;0;622;107
5;0;0;0;0;625;107
6;0;0;0;0;629;107
7;0;0;0;0;626;107
8;0;0;0;0;621;106
9;0;0;0;0;626;107
10;0;0;0;0;630;106
11;0;0;0;0;625;107
12;0;0;0;0;621;106
13;0;0;0;0;626;107
14;0;0;0;0;630;106
15;0;0;0;0;625;107
0;0;0;0;0;622;107
1;0;0;0;0;625;107
2;0;0;0;0;630;106
3;0;0;0;0;625;107
4;0;0;0;0;621;107
5;0;0;0;0;627;107
6;0;0;0;0;630;106
7;0;0;0;0;625;107
8;0;0;0;0;622;61
9;0;0;0;0;625;61
10;0;0;0;0;630;61
11;0;0;0;0;625;61
12;0;0;0;0;621;61
13;0;0;0;0;626;61
14;0;0;0;0;630;60
15;0;0;0;0;625;61
0;0;0;0;0;622;61
1;0;0;0;0;626;61
2;0;0;0;0;628;61
3;0;0;0;0;626;61
4;0;0;0;0;622;61
5;0;0;0;0;626;61
6;0;0;0;0;629;61
7;0;0;0;0;626;61
8;0;0;0;0;622;61
9;0;0;0;0;626;61
10;0;0;0;0;630;61
11;0;0;0;0;626;61
12;0;0;0;0;621;61
13;0;0;0;0;625;61
14;0;0;0;0;630;232
15;0;0;0;0;624;107
0;0;0;0;0;622;107
1;0;0;0;0;626;107
2;0;0;0;0;629;107
3;0;0;0;0;626;107
4;0;0;0;0;621;107
5;0;0;0;0;626;107
6;0;0;0;0;629;107
7;0;0;0;0;626;107
8;0;0;0;0;621;107
9;0;0;0;0;625;107
10;0;0;0;0;630;108
11;0;0;0;0;626;108
12;0;0;0;0;623;108
13;0;0;0;0;625;108
14;0;0;0;0;630;108
15;0;0;0;0;626;109
0;0;0;0;0;622;60
1;0;0;0;0;627;60
2;0;0;0;0;630;60
3;0;0;0;0;625;60
4;0;0;0;0;622;60
5;0;0;0;0;625;60
6;0;0;0;0;631;60
7;0;0;0;0;626;60
8;0;0;0;0;621;60
9;0;0;0;0;626;60
10;0;0;0;0;629;60
11;0;0;0;0;625;60
12;0;0;0;0;622;60
13;0;0;0;0;627;60
14;0;0;0;0;629;60
15;0;0;0;0;626;60
0;0;0;0;0;622;60
1;0;0;0;0;625;60
2;0;0;0;0;630;60
3;0;0;0;0;626;116
4;0;0;0;0;622;115
5;0;0;0;0;626;115
6;0;0;0;0;630;115
7;0;0;0;0;626;115
8;0;0;0;0;622;115
9;0;0;0;0;625;116
10;0;0;0;0;630;116
11;0;0;0;0;626;117
12;0;0;0;0;621;118
13;0;0;0;0;625;119
14;0;0;0;0;630;119
15;0;0;0;0;627;120
0;0;0;0;0;622;120
1;0;0;0;0;625;121
2;0;0;0;0;630;121
3;0;0;0;0;626;121
4;0;0;0;0;622;120
5;0;0;0;0;625;60
6;0;0;0;0;630;60
7;0;0;0;0;625;60
8;0;0;0;0;622;60
9;0;0;0;0;626;60
10;0;0;0;0;630;60
11;0;0;0;0;626;60
12;0;0;0;0;622;59
13;0;0;0;0;626;60
14;0;0;0;0;629;60
15;0;0;0;0;625;60
0;0;0;0;0;622;60
1;0;0;0;0;625;60
2;0;0;0;0;629;60
3;0;0;0;0;626;60
4;0;0;0;0;621;60
5;0;0;0;0;625;60
6;0;0;0;0;630;60
7;0;0;0;0;603;122
8;0;0;0;0;669;118
9;0;0;0;0;670;119
10;0;0;0;0;551;118
11;0;0;0;0;679;118
12;0;0;0;0;532;117
13;0;0;0;0;490;117
14;0;0;0;0;529;117
15;0;0;0;0;608;117
0;0;0;0;0;494;118
1;0;0;0;0;557;118
2;0;0;0;0;599;118
3;0;0;0;0;632;118
4;0;0;0;0;622;119
5;0;0;0;0;632;119
6;0;0;0;0;624;119
7;0;0;0;0;624;119
8;0;0;0;0;625;119
9;0;0;0;0;625;119
10;0;0;0;0;630;60
11;0;0;0;0;630;60
12;0;0;0;0;621;60
13;0;0;0;0;623;60
14;0;0;0;0;631;60
15;0;0;0;0;626;60
0;0;0;0;0;622;60
1;0;0;0;0;626;60
2;0;0;0;0;630;60
3;0;0;0;0;624;60
4;0;0;0;0;622;60
5;0;0;0;0;627;60
6;0;0;0;0;629;60
7;0;0;0;0;625;60
8;0;0;0;0;623;60
9;0;0;0;0;624;60
10;0;0;0;0;629;60
11;0;0;0;0;627;60
12;0;0;0;0;622;59
13;0;0;0;0;624;60
14;0;0;0;0;630;59
15;0;0;0;0;625;118
0;0;0;0;0;622;118
1;0;0;0;0;625;118
2;0;0;0;0;630;118
3;0;0;0;0;626;119
4;0;0;0;0;622;119
5;0;0;0;0;626;119
6;0;0;0;0;630;119
7;0;0;0;0;625;119
8;0;0;0;0;622;120
9;0;0;0;0;625;120
10;0;0;0;0;630;121
11;0;0;0;0;626;120
12;0;0;0;0;622;120
13;0;0;0;0;625;121
14;0;0;0;0;629;121
15;0;0;0;0;625;121
0;0;0;0;0;621;59
1;0;0;0;0;625;59
2;0;0;0;0;629;59
3;0;0;0;0;625;59
4;0;0;0;0;622;59
5;0;0;0;0;626;59
6;0;0;0;0;630;59
7;0;0;0;0;626;59
8;0;0;0;0;623;59
9;0;0;0;0;625;59
10;0;0;0;0;630;59
11;0;0;0;0;625;59
12;0;0;0;0;622;59
13;0;0;0;0;626;59
14;0;0;0;0;630;58
15;0;0;0;0;625;59
0;0;0;0;0;622;58
1;0;0;0;0;626;58
2;0;0;0;0;630;58
3;0;0;0;0;626;104
4;0;0;0;0;621;121
5;0;0;0;0;626;121
6;0;0;0;0;630;122
7;0;0;0;0;625;122
8;0;0;0;0;622;122
9;0;0;0;0;626;123
10;0;0;0;0;630;123
11;0;0;0;0;625;123
12;0;0;0;0;622;124
13;0;0;0;0;625;124
14;0;0;0;0;630;124
15;0;0;0;0;626;125
0;0;0;0;0;622;125
1;0;0;0;0;625;126
2;0;0;0;0;630;126
3;0;0;0;0;625;126
4;0;0;0;0;621;127
5;0;0;0;0;625;127
6;0;0;0;0;629;127
7;0;0;0;0;625;126
8;0;0;0;0;622;87
9;0;0;0;0;626;58
10;0;0;0;0;629;58
11;0;0;0;0;625;58
12;0;0;0;0;622;58
13;0;0;0;0;626;58
14;0;0;0;0;629;58
15;0;0;0;0;626;58
0;0;0;0;0;622;58
1;0;0;0;0;626;58
2;0;0;0;0;630;58
3;0;0;0;0;626;59
4;0;0;0;0;622;58
5;0;0;0;0;626;59
6;0;0;0;0;630;59
7;0;0;0;0;625;59
8;0;0;0;0;622;59
9;0;0;0;0;626;59
10;0;0;0;0;630;59
11;0;0;0;0;626;59
12;0;0;0;0;622;59
13;0;0;0;0;626;59
14;0;0;0;0;630;59
15;0;0;0;0;625;59
0;0;0;0;0;622;59
1;0;0;0;0;626;60
2;0;0;0;0;630;59
3;0;0;0;0;625;59
4;0;0;0;0;622;59
5;0;0;0;0;625;60
6;0;0;0;0;630;60
7;0;0;0;0;625;60
8;0;0;0;0;622;60
9;0;0;0;0;626;60
10;0;0;0;0;629;60
11;0;0;0;0;626;60
12;0;0;0;0;622;60
13;0;0;0;0;625;61
14;0;0;0;0;630;61
15;0;0;0;0;625;61
0;0;0;0;0;622;61
1;0;0;0;0;626;61
2;0;0;0;0;631;61
3;0;0;0;0;625;61
4;0;0;0;0;622;61
5;0;0;0;0;627;61
6;0;0;0;0;629;61
7;0;0;0;0;626;61
8;0;0;0;0;622;61
9;0;0;0;0;626;61
10;0;0;0;0;630;61
11;0;0;0;0;626;61
12;0;0;0;0;622;62
13;0;0;0;0;625;61
14;0;0;0;0;630;61
15;0;0;0;0;625;62
0;0;0;0;0;622;62
1;0;0;0;0;626;63
2;0;0;0;0;630;65
3;0;0;0;0;626;65
4;0;0;0;0;621;66
5;0;0;0;0;626;67
6;0;0;0;0;630;67
7;0;0;0;0;626;68
8;0;0;0;0;622;68
9;0;0;0;0;626;68
10;0;0;0;0;629;67
11;0;0;0;0;625;68
12;0;0;0;0;622;68
13;0;0;0;0;625;68
14;0;0;0;0;630;68
15;0;0;0;0;626;68
0;0;0;0;0;622;68
1;0;0;0;0;626;68
2;0;0;0;0;630;68
3;0;0;0;0;625;68
4;0;0;0;0;622;68
5;0;0;0;0;625;68
6;0;0;0;0;629;68
7;0;0;0;0;625;68
8;0;0;0;0;622;68
9;0;0;0;0;625;69
10;0;0;0;0;630;68
11;0;0;0;0;626;69
12;0;0;0;0;622;69
13;0;0;0;0;625;69
14;0;0;0;0;629;69
15;0;0;0;0;626;69
0;0;0;0;0;622;69
1;0;0;0;0;625;69
2;0;0;0;0;630;69
3;0;0;0;0;625;69
4;0;0;0;0;621;69
5;0;0;0;0;626;69
6;0;0;0;0;629;69
7;0;0;0;0;626;69
8;0;0;0;0;621;69
9;0;0;0;0;625;69
10;0;0;0;0;630;69
11;0;0;0;0;626;69
12;0;0;0;0;621;69
13;0;0;0;0;626;69
14;0;0;0;0;630;69
15;0;0;0;0;625;69
0;0;0;0;0;622;69
1;0;0;0;0;625;69
2;0;0;0;0;630;69
3;0;0;0;0;625;69
4;0;0;0;0;622;69
5;0;0;0;0;631;69
6;0;0;0;0;628;69
7;0;0;0;0;623;69
8;0;0;0;0;625;69
9;0;0;0;0;625;69
10;0;0;0;0;627;69
11;0;0;0;0;628;69
12;0;0;0;0;621;69
13;0;0;0;0;623;69
14;0;0;0;0;630;69
15;0;0;0;0;626;69
0;0;0;0;0;621;69
1;0;0;0;0;626;69
2;0;0;0;0;630;69
3;0;0;0;0;624;69
4;0;0;0;0;622;69
5;0;0;0;0;625;69
6;0;0;0;0;630;69
7;0;0;0;0;626;69
8;0;0;0;0;622;69
9;0;0;0;0;625;69
10;0;0;0;0;630;69
11;0;0;0;0;626;69
12;0;0;0;0;622;69
13;0;0;0;0;626;69
14;0;0;0;0;631;69
15;0;0;0;0;625;69
0;0;0;0;0;621;68
1;0;0;0;0;626;69
2;0;0;0;0;630;69
3;0;0;0;0;625;69
4;0;0;0;0;622;69
5;0;0;0;0;625;69
6;0;0;0;0;630;69
7;0;0;0;0;626;69
8;0;0;0;0;621;69
9;0;0;0;0;625;69
10;0;0;0;0;630;69
11;0;0;0;0;626;69
12;0;0;0;0;622;69
13;0;0;0;0;625;69
14;0;0;0;0;630;69
15;0;0;0;0;626;69
0;0;0;0;0;622;69
1;0;0;0;0;626;69
2;0;0;0;0;630;68
3;0;0;0;0;626;69
4;0;0;0;0;622;69
5;0;0;0;0;626;69
6;0;0;0;0;629;69
7;0;0;0;0;625;68
8;0;0;0;0;622;69
9;0;0;0;0;626;68
10;0;0;0;0;629;68
11;0;0;0;0;625;69
12;0;0;0;0;621;68
13;0;0;0;0;625;69
14;0;0;0;0;629;68
15;0;0;0;0;625;69
0;0;0;0;0;622;68
1;0;0;0;0;626;69
2;0;0;0;0;630;69
3;0;0;0;0;625;69
4;0;0;0;0;622;69
5;0;0;0;0;625;69
6;0;0;0;0;630;68
7;0;0;0;0;625;69
8;0;0;0;0;622;68
9;0;0;0;0;625;68
10;0;0;0;0;630;69
11;0;0;0;0;626;69
12;0;0;0;0;621;68
13;0;0;0;0;625;68
14;0;0;0;0;630;68
15;0;0;0;0;626;68
0;0;0;0;0;622;68
1;0;0;0;0;625;68
2;0;0;0;0;630;68
3;0;0;0;0;625;68
4;0;0;0;0;621;68
5;0;0;0;0;626;68
6;0;0;0;0;630;68
7;0;0;0;0;625;69
8;0;0;0;0;622;68
9;0;0;0;0;626;68
10;0;0;0;0;630;68
11;0;0;0;0;625;68
12;0;0;0;0;622;68
13;0;0;0;0;627;68
14;0;0;0;0;630;68
15;0;0;0;0;625;68
0;0;0;0;0;623;68
1;0;0;0;0;625;68
2;0;0;0;0;630;68
3;0;0;0;0;625;68
4;0;0;0;0;620;68
5;0;0;0;0;625;68
6;0;0;0;0;629;68
7;0;0;0;0;625;68
8;0;0;0;0;622;68
9;0;0;0;0;625;68
10;0;0;0;0;629;68
11;0;0;0;0;625;68
12;0;0;0;0;621;68
13;0;0;0;0;625;68
14;0;0;0;0;630;68
15;0;0;0;0;625;68
0;0;0;0;0;621;68
1;0;0;0;0;625;68
2;0;0;0;0;630;68
3;0;0;0;0;625;68
4;0;0;0;0;622;68
5;0;0;0;0;624;68
6;0;0;0;0;630;68
7;0;0;0;0;626;68
8;0;0;0;0;622;68
9;0;0;0;0;625;68
10;0;0;0;0;630;68
11;0;0;0;0;626;68
12;0;0;0;0;621;68
13;0;0;0;0;625;68
14;0;0;0;0;629;68
15;0;0;0;0;625;68
0;0;0;0;0;622;68
1;0;0;0;0;625;68
2;0;0;0;0;629;68
3;0;0;0;0;625;68
4;0;0;0;0;622;68
5;0;0;0;0;625;68
6;0;0;0;0;630;68
7;0;0;0;0;626;68
8;0;0;0;0;621;68
9;0;0;0;0;625;68
10;0;0;0;0;629;67
11;0;0;0;0;625;68
12;0;0;0;0;621;68
13;0;0;0;0;625;68
14;0;0;0;0;630;67
15;0;0;0;0;625;68
0;0;0;0;0;622;67
1;0;0;0;0;627;68
2;0;0;0;0;629;68
3;0;0;0;0;625;68
4;0;0;0;0;622;68
5;0;0;0;0;625;68
6;0;0;0;0;629;68
7;0;0;0;0;625;68
8;0;0;0;0;622;68
9;0;0;0;0;625;68
10;0;0;0;0;630;68
11;0;0;0;0;626;68
12;0;0;0;0;622;67
13;0;0;0;0;625;68
14;0;0;0;0;630;68
15;0;0;0;0;626;68
0;0;0;0;0;622;68
1;0;0;0;0;626;68
2;0;0;0;0;630;67
3;0;0;0;0;625;67
4;0;0;0;0;621;68
5;0;0;0;0;625;68
6;0;0;0;0;629;67
7;0;0;0;0;626;67
8;0;0;0;0;622;67
9;0;0;0;0;626;67
10;0;0;0;0;629;68
11;0;0;0;0;626;68
12;0;0;0;0;622;67
13;0;0;0;0;625;68
14;0;0;0;0;629;67
15;0;0;0;0;626;67
0;0;0;0;0;621;68
1;0;0;0;0;625;68
2;0;0;0;0;630;67
3;0;0;0;0;625;68
4;0;0;0;0;622;67
5;0;0;0;0;625;68
6;0;0;0;0;630;67
